,precision,recall,f1-score,support
Benign cases,0.0,0.0,0.0,18.0
Normal cases,0.0,0.0,0.0,121.0
adenocarcinoma,0.0,0.0,0.0,68.0
large cell carcinoma,0.0,0.0,0.0,37.0
squamous cell carcinoma,0.2079207920792079,1.0,0.3442622950819672,63.0
accuracy,0.20521172638436483,0.20521172638436483,0.20521172638436483,0.20521172638436483
macro avg,0.04158415841584158,0.2,0.06885245901639345,307.0
weighted avg,0.042667784693778826,0.20521172638436483,0.07064665990281412,307.0
